{
  "desktop": {
    "cta": {
      "h": 61,
      "w": 198.1796875,
      "x": 626.7578125,
      "y": 903.8203125
    },
    "heading": {
      "h": 36,
      "w": 788.2421875,
      "x": 626.7578125,
      "y": 143.7421875
    },
    "innerWidth": 1440,
    "main": {
      "h": 688.0625,
      "w": 551.7578125,
      "x": 25,
      "y": 143.7421875
    },
    "media": {
      "h": 821.078125,
      "w": 551.7578125,
      "x": 25,
      "y": 143.7421875
    },
    "overlap": {
      "h": 242.2109375,
      "w": 269.2578125,
      "x": 307.5,
      "y": 722.609375
    },
    "scrollY": 2763,
    "section": {
      "h": 821.078125,
      "w": 1440,
      "x": 0,
      "y": 143.7421875
    },
    "table": {
      "h": 821.078125,
      "w": 788.2421875,
      "x": 626.7578125,
      "y": 143.7421875
    }
  },
  "tablet": {
    "viewport": 991,
    "section": {
      "w": 991,
      "h": 640.6328125
    },
    "media": {
      "x": 40,
      "w": 430.5,
      "h": 640.6328125
    },
    "main": {
      "x": 40,
      "w": 430.5,
      "h": 536.84375
    },
    "overlap": {
      "x": 260.421875,
      "w": 210.078125,
      "h": 188.984375
    },
    "table": {
      "x": 520.5,
      "w": 430.5,
      "h": 640.6328125
    }
  },
  "mobile": {
    "headingRect": {
      "h": 64,
      "w": 342,
      "x": 24,
      "y": 154.4140625
    },
    "innerWidth": 390,
    "mediaDisplay": "none",
    "overflowX": 0,
    "scrollY": 2521,
    "section": {
      "h": 643,
      "w": 390,
      "x": 0,
      "y": 154.4140625
    }
  },
  "accordionFinal": [
    {
      "expanded": "true",
      "height": 303,
      "label": "Cosmetology",
      "open": true
    },
    {
      "expanded": "false",
      "height": 0,
      "label": "Massage",
      "open": false
    },
    {
      "expanded": "false",
      "height": 0,
      "label": "Nails service",
      "open": false
    },
    {
      "expanded": "false",
      "height": 0,
      "label": "Makeup",
      "open": false
    }
  ]
}
