{
  "cards": [
    {
      "copy": {
        "height": 72,
        "lineHeight": "24px",
        "width": 335,
        "x": 27.5,
        "y": 1963.4140625
      },
      "disk": {
        "height": 92,
        "width": 92,
        "x": 149,
        "y": 1836.4140625
      },
      "outline": {
        "height": 131,
        "width": 123.3828125,
        "x": 140.0234375,
        "y": 1789.4140625
      }
    },
    {
      "copy": {
        "height": 48,
        "lineHeight": "24px",
        "width": 335,
        "x": 27.5,
        "y": 2271.4140625
      },
      "disk": {
        "height": 92,
        "width": 92,
        "x": 149,
        "y": 2144.4140625
      },
      "outline": {
        "height": 139.57275390625,
        "width": 146.46347045898438,
        "x": 104.6667022705078,
        "y": 2111.627685546875
      }
    },
    {
      "copy": {
        "height": 72,
        "lineHeight": "24px",
        "width": 335,
        "x": 27.5,
        "y": 2555.4140625
      },
      "disk": {
        "height": 92,
        "width": 92,
        "x": 149,
        "y": 2428.4140625
      },
      "outline": {
        "height": 149.50634765625,
        "width": 155.62918090820312,
        "x": 26.103384017944336,
        "y": 2381.606201171875
      }
    }
  ],
  "grid": {
    "columns": "342px",
    "gap": "69px",
    "height": 831,
    "width": 342,
    "x": 24,
    "y": 1806.4140625
  },
  "heading": {
    "fontSize": "32px",
    "y": 1733.4140625
  },
  "section": {
    "height": 924,
    "width": 390,
    "x": 0,
    "y": 1713.4140625
  },
  "viewport": {
    "height": 844,
    "width": 390
  }
}