{
  "cards": [
    {
      "copy": {
        "height": 72,
        "lineHeight": "24px",
        "width": 335,
        "x": 66.1640625,
        "y": 2746.7421875
      },
      "disk": {
        "height": 169,
        "width": 169,
        "x": 149.1640625,
        "y": 2541.7421875
      },
      "outline": {
        "height": 200,
        "width": 188.4375,
        "x": 214.890625,
        "y": 2494.7421875
      }
    },
    {
      "copy": {
        "height": 48,
        "lineHeight": "24px",
        "width": 335,
        "x": 552.4921875,
        "y": 2746.7421875
      },
      "disk": {
        "height": 169,
        "width": 169,
        "x": 635.4921875,
        "y": 2541.7421875
      },
      "outline": {
        "height": 229.14990234375,
        "width": 240.46240234375,
        "x": 599.760986328125,
        "y": 2499.167236328125
      }
    },
    {
      "copy": {
        "height": 72,
        "lineHeight": "24px",
        "width": 335,
        "x": 1038.828125,
        "y": 2746.7421875
      },
      "disk": {
        "height": 169,
        "width": 169,
        "x": 1121.828125,
        "y": 2541.7421875
      },
      "outline": {
        "height": 223.13720703125,
        "width": 232.281005859375,
        "x": 1021.1876220703124,
        "y": 2493.673583984375
      }
    }
  ],
  "grid": {
    "columns": "417.328px 417.336px 417.336px",
    "gap": "69px",
    "height": 317,
    "width": 1390,
    "x": 25,
    "y": 2511.7421875
  },
  "heading": {
    "fontSize": "36px",
    "y": 2355.7421875
  },
  "section": {
    "height": 493,
    "width": 1440,
    "x": 0,
    "y": 2335.7421875
  },
  "viewport": {
    "height": 1100,
    "width": 1440
  }
}